날짜,가임암소 수,도축 수,암송아지가격,숫송아지가격,소비자 심리지수,물가 총지수,물가 농축수산물지수,도체 중량,생산량,출생두수,사육비,도매 가격,소비자 가격
20200104,-0.111145791,1.344183896,0.636538342,0.46733464,2.243842236,1.299858352,0.048318674,2.217432662,-2.157762354,-1.603350767,-2.171982117,2.180843555,1.688893853
20200105,-0.111145791,1.344183896,0.635224688,0.464726267,2.243842236,1.299858352,0.048318674,2.217432662,-2.157762354,-1.603350767,-2.171982117,1.917304441,1.634306078
20200106,-0.111145791,1.344183896,0.66237354,0.502112956,2.243842236,1.299858352,0.048318674,2.217432662,-2.157762354,-1.603350767,-2.171982117,1.846218233,1.722956624
20200107,-0.111145791,1.344183896,0.68952239,0.539499645,2.243842236,1.299858352,0.048318674,2.217432662,-2.157762354,-1.603350767,-2.171982117,1.81905521,1.639764856
20200108,-0.111145791,1.344183896,0.716671242,0.576886335,2.243842236,1.299858352,0.048318674,2.217432662,-2.157762354,-1.603350767,-2.171982117,1.732364712,1.572185191
20200111,-0.111145791,1.344183896,0.733748745,0.572973774,2.243842236,1.299858352,0.048318674,2.217432662,-2.157762354,-1.603350767,-2.171982117,0.918629903,1.628519774
20200112,-0.111145791,1.344183896,0.746885286,0.580798895,2.243842236,1.299858352,0.048318674,2.217432662,-2.157762354,-1.603350767,-2.171982117,1.954292387,1.582229341
20200113,-0.111145791,1.344183896,0.756956635,0.613403566,2.243842236,1.299858352,0.048318674,2.217432662,-2.157762354,-1.603350767,-2.171982117,2.031735898,1.619349028
20200114,-0.111145791,1.344183896,0.767027982,0.646008237,2.243842236,1.299858352,0.048318674,2.217432662,-2.157762354,-1.603350767,-2.171982117,1.867601889,1.765644264
20200115,-0.111145791,1.344183896,0.777099331,0.678612908,2.243842236,1.299858352,0.048318674,2.217432662,-2.157762354,-1.603350767,-2.171982117,1.450331625,1.735511812
20200118,-0.111145791,1.344183896,0.779726639,0.702088271,2.243842236,1.299858352,0.048318674,2.217432662,-2.157762354,-1.603350767,-2.171982117,0.973533886,1.843813957
20200119,-0.111145791,1.344183896,0.790235872,0.713825952,2.243842236,1.299858352,0.048318674,2.217432662,-2.157762354,-1.603350767,-2.171982117,1.738722015,1.843813957
20200120,-0.111145791,1.344183896,0.798117796,0.697740982,2.243842236,1.299858352,0.048318674,2.217432662,-2.157762354,-1.603350767,-2.171982117,1.6722593,1.843813957
20200121,-0.111145791,1.344183896,0.805999721,0.68165601,2.243842236,1.299858352,0.048318674,2.217432662,-2.157762354,-1.603350767,-2.171982117,1.404096693,1.685509411
20200122,-0.111145791,1.344183896,0.813881645,0.665571039,2.243842236,1.299858352,0.048318674,2.217432662,-2.157762354,-1.603350767,-2.171982117,0.875862591,1.504059648
20200125,-0.111145791,1.344183896,0.795490488,0.64470405,2.243842236,1.299858352,0.048318674,2.217432662,-2.157762354,-1.603350767,-2.171982117,0.599030934,1.593801949
20200126,-0.111145791,1.344183896,0.783667601,0.661658479,2.243842236,1.299858352,0.048318674,2.217432662,-2.157762354,-1.603350767,-2.171982117,0.880486084,1.488447544
20200127,-0.111145791,1.344183896,0.791111642,0.643399863,2.243842236,1.299858352,0.048318674,2.217432662,-2.157762354,-1.603350767,-2.171982117,0.630239513,1.499801802
20200128,-0.111145791,1.344183896,0.798555681,0.625141247,2.243842236,1.299858352,0.048318674,2.217432662,-2.157762354,-1.603350767,-2.171982117,0.446455657,1.386368406
20200129,-0.111145791,1.344183896,0.805999721,0.606882632,2.243842236,1.299858352,0.048318674,2.217432662,-2.157762354,-1.603350767,-2.171982117,-0.211814191,1.386368406
20200201,-0.111145791,-1.181931152,0.8151953,0.627749621,2.234530319,1.814496631,-0.668672542,2.217432662,-2.157573924,-1.60338242,-2.171982117,-0.337226445,1.393355641
20200202,-0.111145791,-1.181931152,0.800745104,0.604274258,2.234530319,1.814496631,-0.668672542,2.217432662,-2.157573924,-1.60338242,-2.171982117,1.171766158,1.511920287
20200203,-0.111145791,-1.181931152,0.788046448,0.612099379,2.234530319,1.814496631,-0.668672542,2.217432662,-2.157573924,-1.60338242,-2.171982117,0.935968003,1.572512717
20200204,-0.111145791,-1.181931152,0.775347792,0.6199245,2.234530319,1.814496631,-0.668672542,2.217432662,-2.157573924,-1.60338242,-2.171982117,1.271749199,1.645332809
20200205,-0.111145791,-1.181931152,0.762649136,0.627749621,2.234530319,1.814496631,-0.668672542,2.217432662,-2.157573924,-1.60338242,-2.171982117,1.698266449,1.645332809
20200208,-0.111145791,-1.181931152,0.685143544,0.606882632,2.234530319,1.814496631,-0.668672542,2.217432662,-2.157573924,-1.60338242,-2.171982117,2.476747122,1.553188645
20200209,-0.111145791,-1.181931152,0.702221047,0.597753324,2.234530319,1.814496631,-0.668672542,2.217432662,-2.157573924,-1.60338242,-2.171982117,1.250943479,1.38112798
20200210,-0.111145791,-1.181931152,0.728494129,0.601665884,2.234530319,1.814496631,-0.668672542,2.217432662,-2.157573924,-1.60338242,-2.171982117,-1.28446462,1.448161767
20200215,-0.111145791,-1.181931152,0.754767211,0.605578445,2.234530319,1.814496631,-0.668672542,2.217432662,-2.157573924,-1.60338242,-2.171982117,-1.28446462,1.310491399
20200216,-0.111145791,-1.181931152,0.781040293,0.609491005,2.234530319,1.814496631,-0.668672542,2.217432662,-2.157573924,-1.60338242,-2.171982117,1.403518756,1.485827331
20200217,-0.111145791,-1.181931152,0.807313375,0.613403566,2.234530319,1.814496631,-0.668672542,2.217432662,-2.157573924,-1.60338242,-2.171982117,1.424324475,1.543908723
20200218,-0.111145791,-1.181931152,0.833586457,0.617316126,2.234530319,1.814496631,-0.668672542,2.217432662,-2.157573924,-1.60338242,-2.171982117,1.743923445,1.455039826
20200219,-0.111145791,-1.181931152,0.859859539,0.621228687,2.234530319,1.814496631,-0.668672542,2.217432662,-2.157573924,-1.60338242,-2.171982117,0.984514682,1.63769052
20200222,-0.111145791,-1.181931152,0.737689708,0.610795192,2.234530319,1.814496631,-0.668672542,2.217432662,-2.157573924,-1.60338242,-2.171982117,-2.506800643,1.57611551
20200223,-0.111145791,-1.181931152,0.732435091,0.579494708,2.234530319,1.814496631,-0.668672542,2.217432662,-2.157573924,-1.60338242,-2.171982117,1.328386991,1.675356085
20200224,-0.111145791,-1.181931152,0.783667601,0.627314893,2.234530319,1.814496631,-0.668672542,2.217432662,-2.157573924,-1.60338242,-2.171982117,1.333010484,1.675356085
20200225,-0.111145791,-1.181931152,0.834900111,0.675135076,2.234530319,1.814496631,-0.668672542,2.217432662,-2.157573924,-1.60338242,-2.171982117,1.274638882,1.787042671
20200226,-0.111145791,-1.181931152,0.886132621,0.72295526,2.234530319,1.814496631,-0.668672542,2.217432662,-2.157573924,-1.60338242,-2.171982117,0.923253397,1.532336115
20200301,-0.111145791,-0.575132872,0.892044064,0.732084568,2.211366691,3.193119556,-2.450907848,2.217432662,-2.162473117,-1.60335881,-2.171982117,-0.481710608,1.532336115
20200302,-0.111145791,-0.575132872,0.897955508,0.741213876,2.211366691,3.193119556,-2.450907848,2.217432662,-2.162473117,-1.60335881,-2.171982117,1.244586176,1.706034414
20200303,-0.111145791,-0.575132872,0.922914936,0.774688005,2.211366691,3.193119556,-2.450907848,2.217432662,-2.162473117,-1.60335881,-2.171982117,1.474604964,1.635288658
20200304,-0.111145791,-0.575132872,0.947874363,0.808162133,2.211366691,3.193119556,-2.450907848,2.217432662,-2.162473117,-1.60335881,-2.171982117,1.741033762,1.664001827
20200305,-0.111145791,-0.575132872,0.972833791,0.841636262,2.211366691,3.193119556,-2.450907848,2.217432662,-2.162473117,-1.60335881,-2.171982117,1.970474613,1.71324
20200308,-0.111145791,-0.575132872,1.003047836,0.908149791,2.211366691,3.193119556,-2.450907848,2.217432662,-2.162473117,-1.60335881,-2.171982117,-1.177546339,1.71324
20200309,-0.111145791,-0.575132872,0.95969725,0.912062351,2.211366691,3.193119556,-2.450907848,2.217432662,-2.162473117,-1.60335881,-2.171982117,1.770508531,1.630921636
20200310,-0.111145791,-0.575132872,0.956194172,0.961621451,2.211366691,3.193119556,-2.450907848,2.217432662,-2.162473117,-1.60335881,-2.171982117,1.6722593,1.670224834
20200311,-0.111145791,-0.575132872,0.952691096,1.011180551,2.211366691,3.193119556,-2.450907848,2.217432662,-2.162473117,-1.60335881,-2.171982117,1.230715696,1.62371605
20200312,-0.111145791,-0.575132872,0.949188018,1.060739651,2.211366691,3.193119556,-2.450907848,2.217432662,-2.162473117,-1.60335881,-2.171982117,1.286775552,1.668805552
20200315,-0.111145791,-0.575132872,1.016184377,1.069868959,2.211366691,3.193119556,-2.450907848,2.217432662,-2.162473117,-1.60335881,-2.171982117,-0.579381903,1.668805552
20200316,-0.111145791,-0.575132872,1.014870722,1.071173145,2.211366691,3.193119556,-2.450907848,2.217432662,-2.162473117,-1.60335881,-2.171982117,1.210487914,1.716951969
20200317,-0.111145791,-0.575132872,1.017498031,1.059870192,2.211366691,3.193119556,-2.450907848,2.217432662,-2.162473117,-1.60335881,-2.171982117,1.196617434,1.720227235
20200318,-0.111145791,-0.575132872,1.020125339,1.048567241,2.211366691,3.193119556,-2.450907848,2.217432662,-2.162473117,-1.60335881,-2.171982117,0.920363713,1.646752091
20200319,-0.111145791,-0.575132872,1.022752647,1.037264288,2.211366691,3.193119556,-2.450907848,2.217432662,-2.162473117,-1.60335881,-2.171982117,0.648733486,1.660835737
20200322,-0.111145791,-0.575132872,0.968892829,0.987705188,2.211366691,3.193119556,-2.450907848,2.217432662,-2.162473117,-1.60335881,-2.171982117,-1.669948368,1.823944007
20200323,-0.111145791,-0.575132872,0.963638213,0.944667022,2.211366691,3.193119556,-2.450907848,2.217432662,-2.162473117,-1.60335881,-2.171982117,0.852167188,1.729943859
20200324,-0.111145791,-0.575132872,1.019687455,0.943362836,2.211366691,3.193119556,-2.450907848,2.217432662,-2.162473117,-1.60335881,-2.171982117,0.989138175,1.538777473
20200325,-0.111145791,-0.575132872,1.075736695,0.942058649,2.211366691,3.193119556,-2.450907848,2.217432662,-2.162473117,-1.60335881,-2.171982117,1.202974737,1.553188645
20200326,-0.111145791,-0.575132872,1.131785937,0.940754462,2.211366691,3.193119556,-2.450907848,2.217432662,-2.162473117,-1.60335881,-2.171982117,1.218579027,1.553188645
20200329,-0.111145791,-0.575132872,1.101571893,0.915974912,2.211366691,3.193119556,-2.450907848,2.217432662,-2.162473117,-1.60335881,-2.171982117,-0.969489144,1.585504608
20200330,-0.111145791,-0.575132872,1.101571893,0.915974912,2.211366691,3.193119556,-2.450907848,2.217432662,-2.162473117,-1.60335881,-2.171982117,1.400629073,1.526877338
20200331,-0.111145791,-0.575132872,1.101571893,0.915974912,2.211366691,3.193119556,-2.450907848,2.217432662,-2.162473117,-1.60335881,-2.171982117,1.563607209,1.526877338
20200401,1.462701018,-0.315581865,1.101571893,0.915974912,2.206848809,3.619769968,-3.178141795,2.217432662,-2.173590518,-1.603356475,-2.171982117,1.916148568,1.31758781
20200402,1.462701018,-0.315581865,1.101571893,0.915974912,2.206848809,3.619769968,-3.178141795,2.217432662,-2.173590518,-1.603356475,-2.171982117,2.058898921,1.321190603
20200405,1.462701018,-0.315581865,1.155431711,0.987705188,2.206848809,3.619769968,-3.178141795,2.217432662,-2.173590518,-1.603356475,-2.171982117,-0.566667297,1.409841149
20200406,1.462701018,-0.315581865,1.012243414,0.95379633,2.206848809,3.619769968,-3.178141795,2.217432662,-2.173590518,-1.603356475,-2.171982117,1.700000259,1.358419465
20200407,1.462701018,-0.315581865,1.025004626,0.966465574,2.206848809,3.619769968,-3.178141795,2.217432662,-2.173590518,-1.603356475,-2.171982117,1.609842141,1.495107253
20200408,1.462701018,-0.315581865,1.037765836,0.979134817,2.206848809,3.619769968,-3.178141795,2.217432662,-2.173590518,-1.603356475,-2.171982117,1.700578196,1.315185948
20200409,1.462701018,-0.315581865,1.050527048,0.991804061,2.206848809,3.619769968,-3.178141795,2.217432662,-2.173590518,-1.603356475,-2.171982117,1.445130195,1.206010399
20200412,1.462701018,-0.315581865,1.063288259,1.004473305,2.206848809,3.619769968,-3.178141795,2.217432662,-2.173590518,-1.603356475,-2.171982117,-2.123628642,1.315185948
20200413,1.462701018,-0.315581865,1.076049471,1.017142549,2.206848809,3.619769968,-3.178141795,2.217432662,-2.173590518,-1.603356475,-2.171982117,1.623134684,1.176533
20200414,1.462701018,-0.315581865,1.088810681,1.029811791,2.206848809,3.619769968,-3.178141795,2.217432662,-2.173590518,-1.603356475,-2.171982117,1.578633562,1.106005596
20200415,1.462701018,-0.315581865,1.101571893,1.042481035,2.206848809,3.619769968,-3.178141795,2.217432662,-2.173590518,-1.603356475,-2.171982117,1.698844386,1.420977055
20200416,1.462701018,-0.315581865,1.114333105,1.055150279,2.206848809,3.619769968,-3.178141795,2.217432662,-2.173590518,-1.603356475,-2.171982117,1.320295878,1.820450389
20200419,1.462701018,-0.315581865,1.127094315,1.067819522,2.206848809,3.619769968,-3.178141795,2.217432662,-2.173590518,-1.603356475,-2.171982117,-0.724444003,1.82459906
20200420,1.462701018,-0.315581865,1.139855526,1.080488766,2.206848809,3.619769968,-3.178141795,2.217432662,-2.173590518,-1.603356475,-2.171982117,1.533554503,1.886064894
20200421,1.462701018,-0.315581865,1.152616738,1.093158009,2.206848809,3.619769968,-3.178141795,2.217432662,-2.173590518,-1.603356475,-2.171982117,1.585568802,1.649153953
20200422,1.462701018,-0.315581865,1.16537795,1.105827253,2.206848809,3.619769968,-3.178141795,2.217432662,-2.173590518,-1.603356475,-2.171982117,1.564763082,1.423488093
20200423,1.462701018,-0.315581865,1.17813916,1.118496496,2.206848809,3.619769968,-3.178141795,2.217432662,-2.173590518,-1.603356475,-2.171982117,0.981047062,1.432222137
20200426,1.462701018,-0.315581865,1.190900372,1.13116574,2.206848809,3.619769968,-3.178141795,2.217432662,-2.173590518,-1.603356475,-2.171982117,-1.509281979,1.499910977
20200427,1.462701018,-0.315581865,1.176450177,1.136382487,2.206848809,3.619769968,-3.178141795,2.217432662,-2.173590518,-1.603356475,-2.171982117,1.546847046,1.712475771
20200428,1.462701018,-0.315581865,1.174698638,1.148120169,2.206848809,3.619769968,-3.178141795,2.217432662,-2.173590518,-1.603356475,-2.171982117,1.560139589,1.454930651
20200429,1.462701018,-0.315581865,1.172947098,1.15985785,2.206848809,3.619769968,-3.178141795,2.217432662,-2.173590518,-1.603356475,-2.171982117,1.541067679,1.80276395
20200430,1.462701018,-0.315581865,1.17119556,1.171595532,2.206848809,3.619769968,-3.178141795,2.217432662,-2.173590518,-1.603356475,-2.171982117,1.918460314,1.838027653
20200503,1.462701018,-0.435526406,1.180391139,1.210721137,2.185435091,3.190748626,-2.52260697,2.217432662,-2.178112851,-1.603356215,-2.171982117,-1.444553073,1.852984703
20200504,1.462701018,-0.435526406,1.180391139,1.210721137,2.185435091,3.190748626,-2.52260697,2.217432662,-2.178112851,-1.603356215,-2.171982117,1.738722015,1.852984703
20200505,1.462701018,-0.435526406,1.186302582,1.238761154,2.185435091,3.190748626,-2.52260697,2.217432662,-2.178112851,-1.603356215,-2.171982117,0.542971079,1.852984703
20200506,1.462701018,-0.435526406,1.192214026,1.266801171,2.185435091,3.190748626,-2.52260697,2.217432662,-2.178112851,-1.603356215,-2.171982117,1.713292802,1.680050633
20200507,1.462701018,-0.435526406,1.198125469,1.294841188,2.185435091,3.190748626,-2.52260697,2.217432662,-2.178112851,-1.603356215,-2.171982117,1.703467879,1.291167327
20200510,1.462701018,-0.435526406,1.204036913,1.322881205,2.185435091,3.190748626,-2.52260697,2.217432662,-2.178112851,-1.603356215,-2.171982117,-1.402941634,1.446633309
20200511,1.462701018,-0.435526406,1.194841334,1.334618886,2.185435091,3.190748626,-2.52260697,2.217432662,-2.178112851,-1.603356215,-2.171982117,1.837549183,1.440519478
20200512,1.462701018,-0.435526406,1.195717104,1.318533916,2.185435091,3.190748626,-2.52260697,2.217432662,-2.178112851,-1.603356215,-2.171982117,2.128829256,1.357764412
20200513,1.462701018,-0.435526406,1.196592872,1.302448944,2.185435091,3.190748626,-2.52260697,2.217432662,-2.178112851,-1.603356215,-2.171982117,1.892453165,1.673281749
20200514,1.462701018,-0.435526406,1.197468642,1.286363973,2.185435091,3.190748626,-2.52260697,2.217432662,-2.178112851,-1.603356215,-2.171982117,1.743345508,1.783221527
20200517,1.462701018,-0.435526406,1.163313636,1.290276534,2.185435091,3.190748626,-2.52260697,2.217432662,-2.178112851,-1.603356215,-2.171982117,-0.163845449,1.668259674
20200518,1.462701018,-0.435526406,1.168568252,1.30853515,2.185435091,3.190748626,-2.52260697,2.217432662,-2.178112851,-1.603356215,-2.171982117,1.832347753,1.592491843
20200519,1.462701018,-0.435526406,1.168568252,1.30853515,2.185435091,3.190748626,-2.52260697,2.217432662,-2.178112851,-1.603356215,-2.171982117,0.662603966,1.592491843
20200520,1.462701018,-0.435526406,1.168568252,1.30853515,2.185435091,3.190748626,-2.52260697,2.217432662,-2.178112851,-1.603356215,-2.171982117,1.954870323,1.328942067
20200521,1.462701018,-0.435526406,1.168568252,1.30853515,2.185435091,3.190748626,-2.52260697,2.217432662,-2.178112851,-1.603356215,-2.171982117,1.956026197,1.328942067
20200524,1.462701018,-0.435526406,1.122590358,1.326793765,2.185435091,3.190748626,-2.52260697,2.217432662,-2.178112851,-1.603356215,-2.171982117,-2.985332192,1.47065193
20200525,1.462701018,-0.435526406,1.143608824,1.412870097,2.185435091,3.190748626,-2.52260697,2.217432662,-2.178112851,-1.603356215,-2.171982117,1.925395554,1.618693975
20200526,1.462701018,-0.435526406,1.144922478,1.3993935,2.185435091,3.190748626,-2.52260697,2.217432662,-2.178112851,-1.603356215,-2.171982117,1.782067264,1.724266731
20200527,1.462701018,-0.435526406,1.146236132,1.385916902,2.185435091,3.190748626,-2.52260697,2.217432662,-2.178112851,-1.603356215,-2.171982117,1.816743463,1.444995676
20200528,1.462701018,-0.435526406,1.147549786,1.372440305,2.185435091,3.190748626,-2.52260697,2.217432662,-2.178112851,-1.603356215,-2.171982117,1.045198031,1.627864721
20200531,1.462701018,-0.435526406,1.143608824,1.392003107,2.185435091,3.190748626,-2.52260697,2.217432662,-2.178112851,-1.603356215,-2.171982117,-2.576730978,1.756036815
20200601,1.462701018,-0.032354907,1.139667862,1.41156591,2.169449139,2.501568881,-2.112897704,2.217432662,-2.175097963,-1.60337308,-2.171982117,2.071035591,1.756036815
20200602,1.462701018,-0.032354907,1.150614979,1.421999404,2.169449139,2.501568881,-2.112897704,2.217432662,-2.175097963,-1.60337308,-2.171982117,2.074503211,1.575351282
20200603,1.462701018,-0.032354907,1.161562097,1.432432899,2.169449139,2.501568881,-2.112897704,2.217432662,-2.175097963,-1.60337308,-2.171982117,2.57557429,1.828856907
20200604,1.462701018,-0.032354907,1.172509214,1.442866394,2.169449139,2.501568881,-2.112897704,2.217432662,-2.175097963,-1.60337308,-2.171982117,1.921349998,1.828856907
20200607,1.462701018,-0.032354907,1.24476019,1.463733383,2.169449139,2.501568881,-2.112897704,2.217432662,-2.175097963,-1.60337308,-2.171982117,-1.029016619,1.899275136
20200608,1.462701018,-0.032354907,1.22899634,1.46112501,2.169449139,2.501568881,-2.112897704,2.217432662,-2.175097963,-1.60337308,-2.171982117,2.214941818,1.899275136
20200609,1.462701018,-0.032354907,1.216297684,1.465472299,2.169449139,2.501568881,-2.112897704,2.217432662,-2.175097963,-1.60337308,-2.171982117,2.140387989,1.905825669
20200610,1.462701018,-0.032354907,1.203599028,1.469819589,2.169449139,2.501568881,-2.112897704,2.217432662,-2.175097963,-1.60337308,-2.171982117,2.206850704,1.650245708
20200611,1.462701018,-0.032354907,1.190900372,1.474166878,2.169449139,2.501568881,-2.112897704,2.217432662,-2.175097963,-1.60337308,-2.171982117,1.715604549,1.535829733
20200614,1.462701018,-0.032354907,1.190900372,1.437649646,2.169449139,2.501568881,-2.112897704,2.217432662,-2.175097963,-1.60337308,-2.171982117,1.021502628,1.833333104
20200615,1.462701018,-0.032354907,1.184332101,1.445474768,2.169449139,2.501568881,-2.112897704,2.217432662,-2.175097963,-1.60337308,-2.171982117,2.034625582,1.778090276
20200616,1.462701018,-0.032354907,1.177325946,1.433302357,2.169449139,2.501568881,-2.112897704,2.217432662,-2.175097963,-1.60337308,-2.171982117,2.005728749,1.490631055
20200617,1.462701018,-0.032354907,1.17031979,1.421129946,2.169449139,2.501568881,-2.112897704,2.217432662,-2.175097963,-1.60337308,-2.171982117,2.028846215,1.206337925
20200618,1.462701018,-0.032354907,1.163313636,1.408957536,2.169449139,2.501568881,-2.112897704,2.217432662,-2.175097963,-1.60337308,-2.171982117,1.035951044,1.285053496
20200621,1.462701018,-0.032354907,1.175136522,1.41156591,2.169449139,2.501568881,-2.112897704,2.217432662,-2.175097963,-1.60337308,-2.171982117,-2.005151628,1.569892504
20200622,1.462701018,-0.032354907,1.172509214,1.412870097,2.169449139,2.501568881,-2.112897704,2.217432662,-2.175097963,-1.60337308,-2.171982117,1.983767156,1.602754344
20200623,1.462701018,-0.032354907,1.168568252,1.418521572,2.169449139,2.501568881,-2.112897704,2.217432662,-2.175097963,-1.60337308,-2.171982117,1.953136514,1.602754344
20200624,1.462701018,-0.032354907,1.16462729,1.42417305,2.169449139,2.501568881,-2.112897704,2.217432662,-2.175097963,-1.60337308,-2.171982117,1.996481763,1.43582493
20200625,1.462701018,-0.032354907,1.160686327,1.429824525,2.169449139,2.501568881,-2.112897704,2.217432662,-2.175097963,-1.60337308,-2.171982117,1.124953289,1.537030664
20200628,1.462701018,-0.032354907,1.144922478,1.345052381,2.169449139,2.501568881,-2.112897704,2.217432662,-2.175097963,-1.60337308,-2.171982117,-1.849108731,1.874055584
20200629,1.462701018,-0.032354907,1.137040554,1.334618886,2.169449139,2.501568881,-2.112897704,2.217432662,-2.175097963,-1.60337308,-2.171982117,1.949090957,1.874055584
20200630,1.462701018,-0.032354907,1.125655551,1.345052381,2.169449139,2.501568881,-2.112897704,2.217432662,-2.175097963,-1.60337308,-2.171982117,1.969896676,1.8373726
20200701,2.137132486,-0.410829941,1.11427055,1.355485876,2.188250335,2.004727217,-1.887557608,2.217432662,-2.175286393,-1.603363221,-2.171982117,2.032313835,1.791518869
20200702,2.137132486,-0.410829941,1.102885547,1.36591937,2.188250335,2.004727217,-1.887557608,2.217432662,-2.175286393,-1.603363221,-2.171982117,1.357283824,1.840866217
20200705,2.137132486,-0.410829941,1.059534962,1.377657052,2.188250335,2.004727217,-1.887557608,2.217432662,-2.175286393,-1.603363221,-2.171982117,-1.725430287,1.781256367
20200706,2.137132486,-0.410829941,1.034575534,1.352877502,2.188250335,2.004727217,-1.887557608,2.217432662,-2.175286393,-1.603363221,-2.171982117,2.239793094,1.737913674
20200707,2.137132486,-0.410829941,1.020125339,1.341574549,2.188250335,2.004727217,-1.887557608,2.217432662,-2.175286393,-1.603363221,-2.171982117,2.10051036,1.795776715
20200708,2.137132486,-0.410829941,1.005675144,1.330271597,2.188250335,2.004727217,-1.887557608,2.217432662,-2.175286393,-1.603363221,-2.171982117,2.210318324,1.883553857
20200709,2.137132486,-0.410829941,0.991224949,1.318968644,2.188250335,2.004727217,-1.887557608,2.217432662,-2.175286393,-1.603363221,-2.171982117,1.980299536,1.912267026
20200712,2.137132486,-0.410829941,0.985970332,1.332010513,2.188250335,2.004727217,-1.887557608,2.217432662,-2.175286393,-1.603363221,-2.171982117,-1.327809869,2.047426356
20200713,2.137132486,-0.410829941,0.98202937,1.316360271,2.188250335,2.004727217,-1.887557608,2.217432662,-2.175286393,-1.603363221,-2.171982117,2.10571179,2.104088466
20200714,2.137132486,-0.410829941,0.980277832,1.308969878,2.188250335,2.004727217,-1.887557608,2.217432662,-2.175286393,-1.603363221,-2.171982117,1.878582685,2.015001218
20200715,2.137132486,-0.410829941,0.978526292,1.301579487,2.188250335,2.004727217,-1.887557608,2.217432662,-2.175286393,-1.603363221,-2.171982117,1.657810883,1.287127832
20200716,2.137132486,-0.410829941,0.976774754,1.294189094,2.188250335,2.004727217,-1.887557608,2.217432662,-2.175286393,-1.603363221,-2.171982117,1.087965343,1.178607336
20200719,2.137132486,-0.410829941,0.979402062,1.305926776,2.188250335,2.004727217,-1.887557608,2.217432662,-2.175286393,-1.603363221,-2.171982117,-1.991859084,1.217692182
20200720,2.137132486,-0.410829941,0.991224949,1.302014216,2.188250335,2.004727217,-1.887557608,2.217432662,-2.175286393,-1.603363221,-2.171982117,1.457266865,1.293023311
20200721,2.137132486,-0.410829941,0.970206483,1.273756834,2.188250335,2.004727217,-1.887557608,2.217432662,-2.175286393,-1.603363221,-2.171982117,1.365374937,1.30164818
20200722,2.137132486,-0.410829941,0.949188018,1.245499453,2.188250335,2.004727217,-1.887557608,2.217432662,-2.175286393,-1.603363221,-2.171982117,1.209909977,1.470433579
20200723,2.137132486,-0.410829941,0.928169552,1.217242071,2.188250335,2.004727217,-1.887557608,2.217432662,-2.175286393,-1.603363221,-2.171982117,0.438942481,1.314858421
20200726,2.137132486,-0.410829941,0.887446275,1.20550439,2.188250335,2.004727217,-1.887557608,2.217432662,-2.175286393,-1.603363221,-2.171982117,-1.747969817,1.524693827
20200727,2.137132486,-0.410829941,0.871682426,1.133774114,2.188250335,2.004727217,-1.887557608,2.217432662,-2.175286393,-1.603363221,-2.171982117,1.434149399,1.524693827
20200728,2.137132486,-0.410829941,0.858983769,1.134208842,2.188250335,2.004727217,-1.887557608,2.217432662,-2.175286393,-1.603363221,-2.171982117,1.793625997,1.524693827
20200729,2.137132486,-0.410829941,0.846285114,1.134643572,2.188250335,2.004727217,-1.887557608,2.217432662,-2.175286393,-1.603363221,-2.171982117,1.916726504,0.959164482
20200730,2.137132486,-0.410829941,0.833586457,1.1350783,2.188250335,2.004727217,-1.887557608,2.217432662,-2.175286393,-1.603363221,-2.171982117,1.740455825,0.997703451
20200802,2.137132486,0.066158817,0.805999721,1.111602937,2.179707335,1.784142866,-1.498333805,2.217432662,-2.163226839,-1.603195876,-2.171982117,-1.693643771,0.959164482
20200803,2.137132486,0.066158817,0.766590098,1.132469927,2.179707335,1.784142866,-1.498333805,2.217432662,-2.163226839,-1.603195876,-2.171982117,2.021910975,1.041373671
20200804,2.137132486,0.066158817,0.788484333,1.166378785,2.179707335,1.784142866,-1.498333805,2.217432662,-2.163226839,-1.603195876,-2.171982117,2.177375935,1.024123934
20200805,2.137132486,0.066158817,0.810378567,1.200287642,2.179707335,1.784142866,-1.498333805,2.217432662,-2.163226839,-1.603195876,-2.171982117,2.306255809,1.17948074
20200806,2.137132486,0.066158817,0.832272803,1.2341965,2.179707335,1.784142866,-1.498333805,2.217432662,-2.163226839,-1.603195876,-2.171982117,1.531820693,1.17948074
20200809,2.137132486,0.066158817,0.848036652,1.249846742,2.179707335,1.784142866,-1.498333805,2.217432662,-2.163226839,-1.603195876,-2.171982117,-0.423916943,1.152296028
20200810,2.137132486,0.066158817,0.878250696,1.257671863,2.179707335,1.784142866,-1.498333805,2.217432662,-2.163226839,-1.603195876,-2.171982117,2.322438035,1.223915189
20200811,2.137132486,0.066158817,0.87387185,1.256367676,2.179707335,1.784142866,-1.498333805,2.217432662,-2.163226839,-1.603195876,-2.171982117,2.125361636,1.278502963
20200812,2.137132486,0.066158817,0.869493002,1.255063489,2.179707335,1.784142866,-1.498333805,2.217432662,-2.163226839,-1.603195876,-2.171982117,1.925395554,1.686273639
20200813,2.137132486,0.066158817,0.865114155,1.253759303,2.179707335,1.784142866,-1.498333805,2.217432662,-2.163226839,-1.603195876,-2.171982117,1.744501382,1.583430272
20200816,2.137132486,0.066158817,0.905837432,1.291580721,2.179707335,1.784142866,-1.498333805,2.217432662,-2.163226839,-1.603195876,-2.171982117,0.749294464,1.583430272
20200817,2.137132486,0.066158817,0.916346665,1.299405842,2.179707335,1.784142866,-1.498333805,2.217432662,-2.163226839,-1.603195876,-2.171982117,2.090685437,1.591836789
20200818,2.137132486,0.066158817,0.928607436,1.299405842,2.179707335,1.784142866,-1.498333805,2.217432662,-2.163226839,-1.603195876,-2.171982117,2.025956532,1.524693827
20200819,2.137132486,0.066158817,0.940868209,1.299405842,2.179707335,1.784142866,-1.498333805,2.217432662,-2.163226839,-1.603195876,-2.171982117,1.96411731,1.497181588
20200820,2.137132486,0.066158817,0.95312898,1.299405842,2.179707335,1.784142866,-1.498333805,2.217432662,-2.163226839,-1.603195876,-2.171982117,1.713870739,1.424907375
20200823,2.137132486,0.066158817,0.939992439,1.332010513,2.179707335,1.784142866,-1.498333805,2.217432662,-2.163226839,-1.603195876,-2.171982117,0.649889359,1.542926143
20200824,2.137132486,0.066158817,0.945247055,1.355485876,2.179707335,1.784142866,-1.498333805,2.217432662,-2.163226839,-1.603195876,-2.171982117,2.156570216,1.542926143
20200825,2.137132486,0.066158817,0.957945712,1.348095483,2.179707335,1.784142866,-1.498333805,2.217432662,-2.163226839,-1.603195876,-2.171982117,2.242682777,1.608431473
20200826,2.137132486,0.066158817,0.970644367,1.340705092,2.179707335,1.784142866,-1.498333805,2.217432662,-2.163226839,-1.603195876,-2.171982117,2.184889112,1.506789037
20200827,2.137132486,0.066158817,0.983343024,1.3333147,2.179707335,1.784142866,-1.498333805,2.217432662,-2.163226839,-1.603195876,-2.171982117,1.906323645,1.588343172
20200830,2.137132486,0.066158817,1.01092976,1.347660755,2.179707335,1.784142866,-1.498333805,2.217432662,-2.163226839,-1.603195876,-2.171982117,0.890311007,1.588343172
20200831,2.137132486,0.066158817,1.038516496,1.36591937,2.179707335,1.784142866,-1.498333805,2.217432662,-2.163226839,-1.603195876,-2.171982117,2.446694416,1.605047031
20200901,2.137132486,1.804708344,1.048587845,1.373744492,2.183424476,1.391505062,-2.348480532,2.217432662,-2.150036702,-1.602960815,-2.171982117,2.523559991,1.565307131
20200902,2.137132486,1.804708344,1.058659192,1.381569613,2.183424476,1.391505062,-2.348480532,2.217432662,-2.150036702,-1.602960815,-2.171982117,2.442648859,1.806366744
20200903,2.137132486,1.804708344,1.06873054,1.389394734,2.183424476,1.391505062,-2.348480532,2.217432662,-2.150036702,-1.602960815,-2.171982117,1.997059699,1.801890546
20200906,2.137132486,1.804708344,1.035889188,1.480687812,2.183424476,1.391505062,-2.348480532,2.217432662,-2.150036702,-1.602960815,-2.171982117,1.988390649,1.637908871
20200907,2.137132486,1.804708344,1.155431711,1.67109909,2.183424476,1.391505062,-2.348480532,2.217432662,-2.150036702,-1.602960815,-2.171982117,2.718324643,1.647188793
20200908,2.137132486,1.804708344,1.151928633,1.622844177,2.183424476,1.391505062,-2.348480532,2.217432662,-2.150036702,-1.602960815,-2.171982117,2.801547521,1.480150203
20200909,2.137132486,1.804708344,1.148425556,1.574589264,2.183424476,1.391505062,-2.348480532,2.217432662,-2.150036702,-1.602960815,-2.171982117,2.69983067,1.303285813
20200910,2.137132486,1.804708344,1.144922478,1.526334351,2.183424476,1.391505062,-2.348480532,2.217432662,-2.150036702,-1.602960815,-2.171982117,2.372718524,1.303285813
20200913,2.137132486,1.804708344,1.104199201,1.48981712,2.183424476,1.391505062,-2.348480532,2.217432662,-2.150036702,-1.602960815,-2.171982117,2.40623885,1.504277999
20200914,2.137132486,1.804708344,1.093689968,1.481991999,2.183424476,1.391505062,-2.348480532,2.217432662,-2.150036702,-1.602960815,-2.171982117,2.733350996,1.890759443
20200915,2.137132486,1.804708344,1.0985067,1.482426727,2.183424476,1.391505062,-2.348480532,2.217432662,-2.150036702,-1.602960815,-2.171982117,2.542053964,2.066750428
20200916,2.137132486,1.804708344,1.103323431,1.482861457,2.183424476,1.391505062,-2.348480532,2.217432662,-2.150036702,-1.602960815,-2.171982117,2.584243339,1.972859456
20200917,2.137132486,1.804708344,1.108140163,1.483296186,2.183424476,1.391505062,-2.348480532,2.217432662,-2.150036702,-1.602960815,-2.171982117,2.69289543,1.946329798
20200918,2.137132486,1.804708344,1.110767472,1.467645944,2.183424476,1.391505062,-2.348480532,2.217432662,-2.150036702,-1.602960815,-2.171982117,,
20200919,2.137132486,1.804708344,1.102885547,1.395915668,2.183424476,1.391505062,-2.348480532,2.217432662,-2.150036702,-1.602960815,-2.171982117,,
20200920,2.137132486,1.804708344,1.116022088,1.389394734,2.183424476,1.391505062,-2.348480532,2.217432662,-2.150036702,-1.602960815,-2.171982117,,
20200921,2.137132486,1.804708344,1.116022088,1.389394734,2.183424476,1.391505062,-2.348480532,2.217432662,-2.150036702,-1.602960815,-2.171982117,,
20200928,2.137132486,1.804708344,1.083180736,1.316360271,2.183424476,1.391505062,-2.348480532,2.217432662,-2.150036702,-1.602960815,-2.171982117,,
20201001,0.923769626,-0.648746028,1.176450177,1.384177986,2.245144041,1.361561087,-1.170566392,2.217432662,-2.161154104,-1.60296341,-2.171982117,,
20201002,0.923769626,-0.648746028,1.106826509,1.36591937,2.245144041,1.361561087,-1.170566392,2.217432662,-2.161154104,-1.60296341,-2.171982117,,
20201004,0.923769626,-0.648746028,1.088435352,1.432432899,2.245144041,1.361561087,-1.170566392,2.217432662,-2.161154104,-1.60296341,-2.171982117,,
20201005,0.923769626,-0.648746028,1.073985157,1.405044976,2.245144041,1.361561087,-1.170566392,2.217432662,-2.161154104,-1.60296341,-2.171982117,,
20201008,0.923769626,-0.648746028,1.081867081,1.356790063,2.245144041,1.361561087,-1.170566392,2.217432662,-2.161154104,-1.60296341,-2.171982117,,
20201010,0.923769626,-0.648746028,1.160686327,1.385482173,2.245144041,1.361561087,-1.170566392,2.217432662,-2.161154104,-1.60296341,-2.171982117,,
20201011,0.923769626,-0.648746028,1.138354208,1.369831931,2.245144041,1.361561087,-1.170566392,2.217432662,-2.161154104,-1.60296341,-2.171982117,,
20201012,0.923769626,-0.648746028,1.134413245,1.321577018,2.245144041,1.361561087,-1.170566392,2.217432662,-2.161154104,-1.60296341,-2.171982117,,
20201015,0.923769626,-0.648746028,1.16462729,1.282451413,2.245144041,1.361561087,-1.170566392,2.217432662,-2.161154104,-1.60296341,-2.171982117,,
20201016,0.923769626,-0.648746028,1.160686327,1.270713731,2.245144041,1.361561087,-1.170566392,2.217432662,-2.161154104,-1.60296341,-2.171982117,,
20201017,0.923769626,-0.648746028,1.155431711,1.264192797,2.245144041,1.361561087,-1.170566392,2.217432662,-2.161154104,-1.60296341,-2.171982117,,
20201018,0.923769626,-0.648746028,1.161999981,1.26288861,2.245144041,1.361561087,-1.170566392,2.217432662,-2.161154104,-1.60296341,-2.171982117,,
20201019,0.923769626,-0.648746028,1.144922478,1.242021621,2.245144041,1.361561087,-1.170566392,2.217432662,-2.161154104,-1.60296341,-2.171982117,,
20201022,0.923769626,-0.648746028,1.095003622,1.101169443,2.245144041,1.361561087,-1.170566392,2.217432662,-2.161154104,-1.60296341,-2.171982117,,
20201023,0.923769626,-0.648746028,1.071357849,1.060739651,2.245144041,1.361561087,-1.170566392,2.217432662,-2.161154104,-1.60296341,-2.171982117,,
20201024,0.923769626,-0.648746028,1.108140163,1.05291453,2.245144041,1.361561087,-1.170566392,2.217432662,-2.161154104,-1.60296341,-2.171982117,,
20201025,0.923769626,-0.648746028,1.114708434,1.017701485,2.245144041,1.361561087,-1.170566392,2.217432662,-2.161154104,-1.60296341,-2.171982117,,
20201026,0.923769626,-0.648746028,1.088435352,1.005963804,2.245144041,1.361561087,-1.170566392,2.217432662,-2.161154104,-1.60296341,-2.171982117,,
20201029,0.923769626,-0.648746028,1.00436149,0.884674428,2.245144041,1.361561087,-1.170566392,2.217432662,-2.161154104,-1.60296341,-2.171982117,,
20201030,0.923769626,-0.648746028,0.993852257,0.909453978,2.245144041,1.361561087,-1.170566392,2.217432662,-2.161154104,-1.60296341,-2.171982117,,
20201031,0.923769626,-0.648746028,1.30256097,0.94988377,2.245144041,1.361561087,-1.170566392,2.217432662,-2.161154104,-1.60296341,-2.171982117,,
20201101,0.923769626,-0.380214488,1.290738083,0.919887472,2.25837848,1.199225523,-0.545759762,2.217432662,-2.163226839,-1.60318005,-2.171982117,,
20201102,0.923769626,-0.380214488,1.034575534,0.910758165,2.25837848,1.199225523,-0.545759762,2.217432662,-2.163226839,-1.60318005,-2.171982117,,
20201105,0.923769626,-0.380214488,1.022752647,0.912062351,2.25837848,1.199225523,-0.545759762,2.217432662,-2.163226839,-1.60318005,-2.171982117,,
20201106,0.923769626,-0.380214488,0.985970332,0.927712593,2.25837848,1.199225523,-0.545759762,2.217432662,-2.163226839,-1.60318005,-2.171982117,,
20201107,0.923769626,-0.380214488,1.028007263,1.025526606,2.25837848,1.199225523,-0.545759762,2.217432662,-2.163226839,-1.60318005,-2.171982117,,
20201108,0.923769626,-0.380214488,1.059534962,1.076389893,2.25837848,1.199225523,-0.545759762,2.217432662,-2.163226839,-1.60318005,-2.171982117,,
20201109,0.923769626,-0.380214488,1.083180736,1.008572177,2.25837848,1.199225523,-0.545759762,2.217432662,-2.163226839,-1.60318005,-2.171982117,,
20201112,0.923769626,-0.380214488,1.160686327,1.037264288,2.25837848,1.199225523,-0.545759762,2.217432662,-2.163226839,-1.60318005,-2.171982117,,
20201113,0.923769626,-0.380214488,1.156745365,1.039872661,2.25837848,1.199225523,-0.545759762,2.217432662,-2.163226839,-1.60318005,-2.171982117,,
20201114,0.923769626,-0.380214488,1.150177095,1.059435464,2.25837848,1.199225523,-0.545759762,2.217432662,-2.163226839,-1.60318005,-2.171982117,,
20201115,0.923769626,-0.380214488,1.173822868,1.08160664,2.25837848,1.199225523,-0.545759762,2.217432662,-2.163226839,-1.60318005,-2.171982117,,
20201116,0.923769626,-0.380214488,1.168568252,1.092040135,2.25837848,1.199225523,-0.545759762,2.217432662,-2.163226839,-1.60318005,-2.171982117,,
20201119,0.923769626,-0.380214488,1.160686327,1.084215014,2.25837848,1.199225523,-0.545759762,2.217432662,-2.163226839,-1.60318005,-2.171982117,,
20201120,0.923769626,-0.380214488,1.156745365,1.073781519,2.25837848,1.199225523,-0.545759762,2.217432662,-2.163226839,-1.60318005,-2.171982117,,
20201121,0.923769626,-0.380214488,1.150177095,1.073781519,2.25837848,1.199225523,-0.545759762,2.217432662,-2.163226839,-1.60318005,-2.171982117,,
20201122,0.923769626,-0.380214488,1.049025729,1.026830793,2.25837848,1.199225523,-0.545759762,2.217432662,-2.163226839,-1.60318005,-2.171982117,,
20201123,0.923769626,-0.380214488,1.047712075,0.999442869,2.25837848,1.199225523,-0.545759762,2.217432662,-2.163226839,-1.60318005,-2.171982117,,
20201126,0.923769626,-0.380214488,1.108140163,0.994226122,2.25837848,1.199225523,-0.545759762,2.217432662,-2.163226839,-1.60318005,-2.171982117,,
20201127,0.923769626,-0.380214488,1.049025729,0.915974912,2.25837848,1.199225523,-0.545759762,2.217432662,-2.163226839,-1.60318005,-2.171982117,,
20201128,0.923769626,-0.380214488,1.056907654,0.892499549,2.25837848,1.199225523,-0.545759762,2.217432662,-2.163226839,-1.60318005,-2.171982117,,
20201129,0.923769626,-0.380214488,1.058221308,0.891195362,2.25837848,1.199225523,-0.545759762,2.217432662,-2.163226839,-1.60318005,-2.171982117,,
20201130,0.923769626,-0.380214488,1.071357849,0.915974912,2.25837848,1.199225523,-0.545759762,2.217432662,-2.163226839,-1.60318005,-2.171982117,,
20201203,0.923769626,0.016221612,1.096317277,0.899020483,2.289424387,1.276997898,-1.34469283,2.217432662,-2.16002352,-1.603155921,-2.171982117,,
20201204,0.923769626,0.016221612,1.070044195,0.895107923,2.289424387,1.276997898,-1.34469283,2.217432662,-2.16002352,-1.603155921,-2.171982117,,
20201205,0.923769626,0.016221612,1.072671503,0.849461383,2.289424387,1.276997898,-1.34469283,2.217432662,-2.16002352,-1.603155921,-2.171982117,,
20201206,0.923769626,0.016221612,1.008302452,0.569061214,2.289424387,1.276997898,-1.34469283,2.217432662,-2.16002352,-1.603155921,-2.171982117,,
20201207,0.923769626,0.016221612,0.961010904,0.711217579,2.289424387,1.276997898,-1.34469283,2.217432662,-2.16002352,-1.603155921,-2.171982117,,
20201210,0.923769626,0.016221612,0.979402062,0.670787787,2.289424387,1.276997898,-1.34469283,2.217432662,-2.16002352,-1.603155921,-2.171982117,,
20201211,0.923769626,0.016221612,0.941306093,0.69426315,2.289424387,1.276997898,-1.34469283,2.217432662,-2.16002352,-1.603155921,-2.171982117,,
20201212,0.923769626,0.016221612,0.905837432,0.668179413,2.289424387,1.276997898,-1.34469283,2.217432662,-2.16002352,-1.603155921,-2.171982117,,
20201213,0.923769626,0.016221612,0.904523778,0.661658479,2.289424387,1.276997898,-1.34469283,2.217432662,-2.16002352,-1.603155921,-2.171982117,,
20201214,0.923769626,0.016221612,0.890073583,0.651224984,2.289424387,1.276997898,-1.34469283,2.217432662,-2.16002352,-1.603155921,-2.171982117,,
20201217,0.923769626,0.016221612,0.90189647,0.638183116,2.289424387,1.276997898,-1.34469283,2.217432662,-2.16002352,-1.603155921,-2.171982117,,
20201218,0.923769626,0.016221612,0.897955508,0.621228687,2.289424387,1.276997898,-1.34469283,2.217432662,-2.16002352,-1.603155921,-2.171982117,,
20201219,0.923769626,0.016221612,0.884818967,0.678612908,2.289424387,1.276997898,-1.34469283,2.217432662,-2.16002352,-1.603155921,-2.171982117,,
20201220,0.923769626,0.016221612,0.883505313,0.657745918,2.289424387,1.276997898,-1.34469283,2.217432662,-2.16002352,-1.603155921,-2.171982117,,
20201221,0.923769626,0.016221612,0.882191659,0.666875226,2.289424387,1.276997898,-1.34469283,2.217432662,-2.16002352,-1.603155921,-2.171982117,,
20201224,0.923769626,0.016221612,0.791549526,0.563844466,2.289424387,1.276997898,-1.34469283,2.217432662,-2.16002352,-1.603155921,-2.171982117,,
20201226,0.923769626,0.016221612,0.862486847,0.597753324,2.289424387,1.276997898,-1.34469283,2.217432662,-2.16002352,-1.603155921,-2.171982117,,
20201227,0.923769626,0.016221612,0.891387237,0.548194224,2.289424387,1.276997898,-1.34469283,2.217432662,-2.16002352,-1.603155921,-2.171982117,,
20201228,0.923769626,0.016221612,0.830959149,0.531239795,2.289424387,1.276997898,-1.34469283,2.217432662,-2.16002352,-1.603155921,-2.171982117,,
20201231,0.923769626,0.016221612,0.955756288,0.5703654,2.289424387,1.276997898,-1.34469283,2.217432662,-2.16002352,-1.603155921,-2.171982117,,
